fonte,condicao,lote,n_bits,zeros,uns,p0,p1,vies,ic95_p1_inferior,ic95_p1_superior,entropia_shannon,min_entropia_empirica,autocorrelacao_lag1,numero_runs,runs_p_valor,runs_aprovado_alfa_005,taxa_util
QPU_IBM,von_neumann,1,2512,1278,1234,0.5087579617834395,0.4912420382165605,0.008757961783439516,0.47172056761858927,0.5107902540209329,0.9997786737958306,0.9749486279446327,0.0152428770327538,1237,0.43356487157500384,True,0.2512
QPU_IBM,sha256_1024_para_256,1,2304,1138,1166,0.4939236111111111,0.5060763888888888,0.0060763888888888395,0.48566848580463867,0.5264640633758878,0.9998934615566053,0.9825729282418161,0.0063766716700483705,1145,0.7441495102449007,True,0.2304
QPU_IBM,von_neumann,2,2479,1260,1219,0.5082694634933441,0.49173053650665594,0.008269463493344065,0.47207876860578835,0.5114078934787598,0.9998026764118494,0.9763345376994433,-0.022058080915032745,1267,0.2807606200929945,True,0.2479
QPU_IBM,sha256_1024_para_256,2,2304,1166,1138,0.5060763888888888,0.4939236111111111,0.006076388888888895,0.4735359366241123,0.5143315141953614,0.9998934615566053,0.9825729282418161,-0.0292444461893151,1186,0.16678952334052136,True,0.2304
QPU_IBM,von_neumann,3,2580,1264,1316,0.48992248062015503,0.5100775193798449,0.010077519379844913,0.4907874179483174,0.5293376558337766,0.9997069503371918,0.9712115765753752,0.0007412274051989151,1289,0.9536282518500953,True,0.258
QPU_IBM,sha256_1024_para_256,3,2304,1160,1144,0.5034722222222222,0.4965277777777778,0.00347222222222221,0.4761347557257523,0.5169323590282328,0.9999652125135791,0.9900159114273779,-0.003087741951110826,1156,0.8986644890471792,True,0.2304
QPU_IBM,von_neumann,4,2502,1222,1280,0.48840927258193445,0.5115907274180655,0.01159072741806555,0.4920014297429458,0.5311444878871727,0.9996123276533053,0.9669379792784575,-0.009720795066726774,1263,0.6404653523337756,True,0.2502
QPU_IBM,sha256_1024_para_256,4,2304,1183,1121,0.5134548611111112,0.4865451388888889,0.013454861111111105,0.4661756170575105,0.5069594526141811,0.9994775852874282,0.9616906431025238,-0.0011834319526627156,1153,0.9722462821381906,True,0.2304
QPU_IBM,von_neumann,5,2495,1243,1252,0.49819639278557115,0.5018036072144288,0.0018036072144288484,0.48219677906309877,0.5214048900096753,0.9999906138086401,0.9948052532920045,0.042486610794709355,1195,0.03219745689357251,False,0.2495
QPU_IBM,sha256_1024_para_256,5,2304,1152,1152,0.5,0.5,0.0,0.4796007072805035,0.5203992927194965,1.0,1.0,-0.008249921565788177,1162,0.7075998982834705,True,0.2304
QPU_IBM,von_neumann,6,2577,1284,1293,0.49825378346915017,0.5017462165308498,0.0017462165308498312,0.48245350367459866,0.5210337310678688,0.9999912016424307,0.9949702620493653,-0.04659394500544947,1349,0.019012971445021,False,0.2577
QPU_IBM,sha256_1024_para_256,6,2304,1181,1123,0.5125868055555556,0.4874131944444444,0.01258680555555558,0.46704130665916976,0.5078269843240255,0.999542826067348,0.964131752045155,-0.008889821307664941,1162,0.6849164459939204,True,0.2304
QPU_IBM,von_neumann,7,2519,1211,1308,0.48074632790789995,0.5192536720921,0.01925367209210005,0.4997280919080429,0.5387206182401338,0.9989301101755576,0.9454885812361586,-0.006258811921723246,1266,0.7686927402270737,True,0.2519
QPU_IBM,sha256_1024_para_256,7,2304,1151,1153,0.4995659722222222,0.5004340277777778,0.0004340277777777901,0.4800340202812301,0.5208325903745219,0.9999994564498254,0.9987482037905404,0.019539183574662486,1130,0.3378076629820483,True,0.2304
QPU_IBM,von_neumann,8,2445,1222,1223,0.49979550102249487,0.5002044989775051,0.00020449897750507429,0.48040087098669837,0.520007485379696,0.9999998793334687,0.9994100613122096,-0.009001639675253054,1234,0.6709876454059553,True,0.2445
QPU_IBM,sha256_1024_para_256,8,2304,1194,1110,0.5182291666666666,0.4817708333333333,0.018229166666666685,0.46141542290879217,0.5021869295496286,0.9990409650865106,0.9483378801775074,0.008636509871268181,1141,0.6622030197415338,True,0.2304
QPU_IBM,von_neumann,9,2510,1247,1263,0.4968127490039841,0.5031872509960159,0.0031872509960159112,0.48363717040227433,0.5227275905669818,0.999970688367506,0.9908327250505822,-0.013193696916875304,1272,0.5215789594944841,True,0.251
QPU_IBM,sha256_1024_para_256,9,2304,1161,1143,0.50390625,0.49609375,0.00390625,0.475701580839869,0.5164989232583641,0.9999559719934967,0.9887727445767459,-0.010048488880371425,1164,0.6445178414587737,True,0.2304
QPU_IBM,von_neumann,10,2537,1270,1267,0.5005912495072921,0.49940875049270794,0.0005912495072920576,0.47996817846407724,0.518851110323271,0.9999989913366998,0.998295022404411,-0.05520570361289778,1339,0.005775323164789775,False,0.2537
QPU_IBM,sha256_1024_para_256,10,2304,1173,1131,0.5091145833333334,0.4908854166666667,0.009114583333333315,0.4705046794022676,0.5112964968269429,0.9997602811255035,0.9739377034138038,-0.008585368210017073,1162,0.6956749308278467,True,0.2304
QPU_IBM,von_neumann,11,2513,1199,1314,0.4771189812972543,0.5228810187027457,0.022881018702745726,0.5033325742644216,0.5423596164760652,0.998488852252643,0.9354453955583258,-0.02918972207735933,1291,0.14850745902968412,True,0.2513
QPU_IBM,sha256_1024_para_256,11,2304,1145,1159,0.4969618055555556,0.5030381944444444,0.0030381944444444198,0.48263422054870814,0.523432054041555,0.9999733658808837,0.9912601504358407,-0.003076393974564422,1156,0.8990951369173096,True,0.2304
QPU_IBM,von_neumann,12,2497,1253,1244,0.5018021625951141,0.4981978374048859,0.0018021625951141207,0.4786043905211405,0.5177968207718601,0.9999906288386005,0.9948094066063518,-0.0072244746092315374,1258,0.7331592283490324,True,0.2497
QPU_IBM,sha256_1024_para_256,12,2304,1183,1121,0.5134548611111112,0.4865451388888889,0.013454861111111105,0.4661756170575105,0.5069594526141811,0.9994775852874282,0.9616906431025238,0.012768089888318696,1137,0.5270577729050746,True,0.2304
QPU_IBM,von_neumann,13,2520,1266,1254,0.5023809523809524,0.4976190476190476,0.0023809523809523725,0.4781160462018104,0.5171292969800837,0.9999836428515498,0.9931463289589375,-0.0012135126684506138,1262,0.9673051970654672,True,0.252
QPU_IBM,sha256_1024_para_256,13,2304,1151,1153,0.4995659722222222,0.5004340277777778,0.0004340277777777901,0.4800340202812301,0.5208325903745219,0.9999994564498254,0.9987482037905404,0.004774689845016891,1147,0.8025731917016617,True,0.2304
QPU_IBM,von_neumann,14,2527,1294,1233,0.5120696478037198,0.48793035219628017,0.01206964780371983,0.4684744891737941,0.5074228552499754,0.9995796259344841,0.9655880469522677,0.007338927018850127,1254,0.6974525409079155,True,0.2527
QPU_IBM,sha256_1024_para_256,14,2304,1132,1172,0.4913194444444444,0.5086805555555556,0.00868055555555558,0.48826988320859793,0.5290623299064398,0.9997825690340808,0.9751681470200644,0.02098144773133426,1128,0.30407588191998225,True,0.2304
QPU_IBM,von_neumann,15,2540,1269,1271,0.4996062992125984,0.5003937007874015,0.0003937007874015297,0.4809631000046702,0.5198231125138282,0.9999995527635965,0.9988644666545694,0.012208152253497693,1255,0.5254056878773627,True,0.254
QPU_IBM,sha256_1024_para_256,15,2304,1145,1159,0.4969618055555556,0.5030381944444444,0.0030381944444444198,0.48263422054870814,0.523432054041555,0.9999733658808837,0.9912601504358407,-0.026519899540692823,1183,0.21053692941932808,True,0.2304
QPU_IBM,von_neumann,16,2511,1229,1282,0.48944643568299484,0.5105535643170052,0.01055356431700516,0.4910000702920993,0.5300748168798552,0.9996786079655553,0.9698657666527589,0.03303516274928913,1214,0.09392875839611868,True,0.2511
QPU_IBM,sha256_1024_para_256,16,2304,1169,1135,0.5073784722222222,0.4926215277777778,0.00737847222222221,0.4722367342805512,0.5130308845716669,0.999842908317377,0.9788657869106561,-0.0284352181521936,1185,0.17882847957423456,True,0.2304
QPU_IBM,von_neumann,17,2506,1246,1260,0.4972067039106145,0.5027932960893855,0.0027932960893854997,0.4832281500122127,0.5223498915612095,0.9999774866179987,0.9919626809345816,0.005162827640985069,1247,0.7808845935747005,True,0.2506
QPU_IBM,sha256_1024_para_256,17,2304,1160,1144,0.5034722222222222,0.4965277777777778,0.00347222222222221,0.4761347557257523,0.5169323590282328,0.9999652125135791,0.9900159114273779,0.02296649490798208,1126,0.26144463452274735,True,0.2304
QPU_IBM,von_neumann,18,2548,1236,1312,0.4850863422291994,0.5149136577708007,0.01491365777080067,0.4955002938353569,0.5342821206392173,0.9993581444585246,0.9575975576382165,-0.010739236693986453,1287,0.6024144346490626,True,0.2548
QPU_IBM,sha256_1024_para_256,18,2304,1151,1153,0.4995659722222222,0.5004340277777778,0.0004340277777777901,0.4800340202812301,0.5208325903745219,0.9999994564498254,0.9987482037905404,-0.002172781779101734,1155,0.9335432912711839,True,0.2304
QPU_IBM,von_neumann,19,2506,1278,1228,0.509976057462091,0.49002394253790904,0.00997605746209096,0.47048192386499,0.5095964990870743,0.9997128219536087,0.9714985783748662,0.039138311791425295,1204,0.047831879872857044,False,0.2506
QPU_IBM,sha256_1024_para_256,19,2304,1142,1162,0.4956597222222222,0.5043402777777778,0.00434027777777779,0.4839345278586085,0.5247315786989104,0.9999456443067095,0.9875306480377835,-0.046539885297721795,1206,0.026925413314955064,False,0.2304
QPU_IBM,von_neumann,20,2439,1229,1210,0.5038950389503895,0.4961049610496105,0.0038950389503895066,0.47628407288413643,0.5159380994015867,0.9999562243566722,0.9888048424235224,0.01306574159753275,1204,0.5058060311482026,True,0.2439
QPU_IBM,sha256_1024_para_256,20,2304,1125,1179,0.48828125,0.51171875,0.01171875,0.4913055454072671,0.5320929422980339,0.9996037156868482,0.9665769984625497,0.0285780041501604,1119,0.16411445261141416,True,0.2304
QPU_IBM,von_neumann,21,2527,1250,1277,0.4946576968737634,0.5053423031262366,0.005342303126236625,0.48585545377157546,0.5248129347621658,0.9999176488152974,0.9846671392420513,0.01810658307210046,1241,0.35262167970435665,True,0.2527
QPU_IBM,sha256_1024_para_256,21,2304,1132,1172,0.4913194444444444,0.5086805555555556,0.00868055555555558,0.48826988320859793,0.5290623299064398,0.9997825690340808,0.9751681470200644,-0.011175890133169285,1165,0.6067385360200487,True,0.2304
QPU_IBM,von_neumann,22,2479,1245,1234,0.5022186365469947,0.4977813634530052,0.002218636546994779,0.47811774114336475,0.5174518511232215,0.9999857970589254,0.9936125291312791,-0.004862254049548115,1246,0.8243455279969824,True,0.2479
QPU_IBM,sha256_1024_para_256,22,2304,1120,1184,0.4861111111111111,0.5138888888888888,0.01388888888888884,0.49347433628374765,0.5342572047003128,0.999443333090299,0.9604716358133627,-0.00033813158158833286,1152,0.9963024466919063,True,0.2304
QPU_IBM,von_neumann,23,2529,1299,1230,0.5136417556346382,0.4863582443653618,0.013641755634638209,0.4669140137307268,0.5058438548047453,0.9994629694902379,0.9611656062153573,0.020631310075468385,1238,0.2904036643155574,True,0.2529
QPU_IBM,sha256_1024_para_256,23,2304,1158,1146,0.5026041666666666,0.4973958333333333,0.002604166666666685,0.47700115153768746,0.5177991845278014,0.9999804321076993,0.9925054634530759,0.002144178062584027,1150,0.9015305311162426,True,0.2304
QPU_IBM,von_neumann,24,2441,1200,1241,0.4916018025399426,0.5083981974600573,0.008398197460057322,0.4885682910127163,0.5282017125603483,0.9997964846738905,0.9759691796507973,0.018575524731774196,1198,0.34834175622864005,True,0.2441
QPU_IBM,sha256_1024_para_256,24,2304,1172,1132,0.5086805555555556,0.4913194444444444,0.00868055555555558,0.4709376700935602,0.511730116791402,0.9997825690340808,0.9751681470200644,-0.011175890133169103,1165,0.6067385360200487,True,0.2304
QPU_IBM,von_neumann,25,2433,1238,1195,0.5088368269625976,0.49116317303740237,0.008836826962597633,0.47132819056288966,0.511026016419123,0.9997746695686585,0.9747250057241647,-0.02171601139786183,1243,0.29376404730047634,True,0.2433
QPU_IBM,sha256_1024_para_256,25,2304,1130,1174,0.4904513888888889,0.5095486111111112,0.00954861111111116,0.48913713849085716,0.5299282959356846,0.9997369057552106,0.9727083083322601,-0.02946808222105734,1186,0.16352407950269895,True,0.2304
QPU_IBM,von_neumann,26,2500,1234,1266,0.4936,0.5064,0.006399999999999961,0.48680718399258066,0.5259731779138285,0.9998818111947847,0.9816506901211082,0.026660943876080426,1217,0.17627930028128463,True,0.25
QPU_IBM,sha256_1024_para_256,26,2304,1150,1154,0.4991319444444444,0.5008680555555556,0.0008680555555555802,0.4804673486276751,0.5212658726838287,0.9999978257984821,0.9974974927968298,0.012589483147166191,1138,0.5319757087836497,True,0.2304
QPU_IBM,von_neumann,27,2543,1289,1254,0.5068816358631537,0.49311836413684623,0.006881635863153768,0.4737120150804754,0.5125454726485775,0.9998633525210442,0.9802791983284554,0.006105993030660209,1264,0.7431481490748975,True,0.2543
QPU_IBM,sha256_1024_para_256,27,2304,1160,1144,0.5034722222222222,0.4965277777777778,0.00347222222222221,0.4761347557257523,0.5169323590282328,0.9999652125135791,0.9900159114273779,-0.009173530032883936,1163,0.6751483891698296,True,0.2304
QPU_IBM,von_neumann,28,2495,1272,1223,0.5098196392785571,0.4901803607214429,0.009819639278557113,0.47059504882111325,0.5097958640048948,0.9997217574628217,0.9719411449402675,0.01084528294981269,1234,0.5743583340956557,True,0.2495
QPU_IBM,sha256_1024_para_256,28,2304,1152,1152,0.5,0.5,0.0,0.4796007072805035,0.5203992927194965,1.0,1.0,-0.019539923013804382,1175,0.35921299483015956,True,0.2304
QPU_IBM,von_neumann,29,2499,1283,1216,0.513405362144858,0.48659463785514206,0.013405362144857935,0.46703373262451137,0.5061966932325185,0.9994814224902802,0.9618297309970212,0.015304592375550154,1230,0.43248172895481374,True,0.2499
QPU_IBM,sha256_1024_para_256,29,2304,1155,1149,0.5013020833333334,0.4986979166666667,0.0013020833333333148,0.47830086035263497,0.5190993076801095,0.9999951080435128,0.9962478651388924,-0.01259704392184886,1167,0.5593618940816601,True,0.2304
QPU_IBM,von_neumann,30,2479,1255,1224,0.5062525211778943,0.4937474788221057,0.006252521177894321,0.47409143985425695,0.5134228656243038,0.9998871955592255,0.9820709072485878,-0.013869343590705683,1257,0.5023378990667978,True,0.2479
QPU_IBM,sha256_1024_para_256,30,2304,1166,1138,0.5060763888888888,0.4939236111111111,0.006076388888888895,0.4735359366241123,0.5143315141953614,0.9998934615566053,0.9825729282418161,-0.018821713800572067,1174,0.3775545507476358,True,0.2304
